Net,Kind,Direction relative to control project,Nominal level,Power-project endpoints,Control-project endpoints,Purpose
ALL_RAILS_PG_HOST,signal,input,3.3 V,"J3302.7, U3301.8",U4101.127,Buffered all-rails power-good status for main MCU firmware
ANA3V3,rail,input,3.3,"R2005.2, R2006.1, R3811.2, U3804.7","C8124.1, U8071.1, U8071.3",Matrix local low-noise regulator input/bias supply
ANA5,rail,input,5.0,"C2001.1, Q2001.3, R1905.2, R1906.1, R3803.2, U2001.10, U2001.9, U3802.7","C7001.1, C7002.1, C7101.1, C7102.1, C7201.1, C7202.1, C7301.1, C7302.1, C7401.1, C7402.1, C8116.1, C8117.1, C8118.1, C8129.1, U7001.3, U7101.3, U7201.3, U7301.3, U7401.3, U8067.7, U8068.7, U8069.7, U8073.7",DAC analog supplies and matrix ADC/reference circuitry
AON,rail,input,3.3,"C1803.1, C2401.1, C2402.1, C2403.1, C2404.1, C2405.1, C2501.1, C2601.1, C2602.1, C2603.1, C2701.1, C2702.1, C2801.1, C2802.1, C2905.1, C3001.1, C3002.1, C3003.1, C3101.1, C3102.1, C3103.1, C3202.1, C3401.1, C3502.1, C3505.1, C3508.1, C3511.1, C3602.1, C3605.1, C3608.1, C3702.1, C3705.1, C3708.1, C3711.1, C3803.1, C3804.1, C3809.1, C3810.1, C3901.1, C3902.1, C4001.1, D2301.2, D3301.2, D3401.2, D3402.2, D3403.2, D3501.2, D3502.2, D3503.2, D3504.2, D3601.2, D3602.2, D3603.2, D3701.2, D3702.2, D3703.2, D3704.2, D3801.2, D3802.2, D3803.2, D3804.2, J2603.3, J3301.1, Q1801.3, R1202.2, R1302.2, R1402.2, R1502.2, R1602.2, R1702.2, R1804.2, R1902.2, R2002.2, R2105.1, R2201.1, R2203.1, R2206.1, R2208.1, R2501.2, R2503.2, R2504.2, R2505.2, R2508.2, R2509.2, R2602.2, R2603.2, R2605.2, R2901.1, R2902.1, R2903.1, R2904.1, R2909.2, R2910.2, R2911.2, R2912.2, R306.1, R307.2, R3201.1, R3203.1, R3307.2, R3505.2, R4007.2, R4008.2, R503.2, R504.1, R701.1, R801.1, U1801.10, U2401.6, U2401.7, U2401.8, U2501.1, U2501.5, U2601.14, U2602.13, U2602.14, U2603.10, U2603.12, U2603.14, U2603.2, U2603.4, U2701.14, U2702.14, U2801.14, U2802.14, U2901.3, U3001.14, U3017.13, U3017.14, U3018.14, U3101.14, U3102.13, U3102.14, U3103.14, U3201.10, U3201.3, U3201.6, U3201.8, U3401.8, U3501.5, U3502.1, U3502.7, U3503.1, U3504.1, U3601.1, U3602.1, U3603.1, U3701.1, U3702.1, U3703.1, U3704.1, U3801.1, U3802.1, U3803.1, U3804.1, U3901.24, U3902.24, U4001.8","Q8009.2, R8185.2",Always-on supervision and fault-interface bias
AUX1V8,rail,input,1.8,"R1305.2, R1306.1, R3705.2, U3702.7","C5101.1, C5102.1, C5103.1, C5104.1, C5105.1, C5106.1, C5107.1, C5108.1, C5109.1, FB5201.1, U5001.H12, U5001.K12, U5001.M12, U5001.P12, U5001.R11",FPGA auxiliary supply
CORE1V0,rail,input,1.0,"R1205.2, R1206.1, R3701.2, U3701.7","C5001.1, C5002.1, C5003.1, C5004.1, C5005.1, C5006.1, C5007.1, C5008.1, C5009.1, C5010.1, C5011.1, C5012.1, C5013.1, C5014.1, C5015.1, C5016.1, C5017.1, C5018.1, C5019.1, C5020.1, C5021.1, C5022.1, C5023.1, C5024.1, C5025.1, C5026.1, C5027.1, C5121.1, C5122.1, C5123.1, C5124.1, U5001.H10, U5001.H8, U5001.J11, U5001.J7, U5001.J9, U5001.K8, U5001.L11, U5001.L7, U5001.M8, U5001.N11, U5001.N7, U5001.P10, U5001.P8, U5001.R7, U5001.R9, U5001.T10, U5001.T8",FPGA core and block-RAM supply
DDR1V35,rail,input,1.35,"C1801.1, R1605.2, R1606.1, R1803.1, R3801.2, U1801.2, U3801.7","C5701.1, C5702.1, C5703.1, C5704.1, C5705.1, C5706.1, C5731.1, C5751.1, C5752.1, C5753.1, C5754.1, C5755.1, C5756.1, C5851.1, C5852.1, C5853.1, C5854.1, C5855.1, C5856.1, C5857.1, C5858.1, C5859.1, C5860.1, C5861.1, C5862.1, C5863.1, C5864.1, C5865.1, C5866.1, C5867.1, C5868.1, R5251.2, R5253.2, U5001.A17, U5001.B14, U5001.C21, U5001.D18, U5001.E15, U5001.F22, U5001.G19, U5001.H16, U5001.J13, U5001.K20, U5001.L17, U5001.N21, U5801.A1, U5801.A8, U5801.B2, U5801.C1, U5801.C9, U5801.D2, U5801.D9, U5801.E9, U5801.F1, U5801.G7, U5801.H2, U5801.H9, U5801.K2, U5801.K8, U5801.N1, U5801.N9, U5801.R1, U5801.R9",DDR3L memory and FPGA DDR banks supply
DDR_VREF,reference,input,0.675,"C1804.1, U1801.6","C5881.1, C5882.1, C5883.1, C5884.1, U5001.C20, U5001.D15, U5001.H18, U5001.K14, U5801.H1, U5801.M8","DDR3L reference rail, nominal DDR1V35/2; low-noise reference, not general power"
GLOBAL_PWR_PERMIT_HOST,signal,input,3.3 V,"J3302.8, U3301.11",U4101.128,Buffered global permit status for main MCU firmware
GND,return,common_return,0.0,"C1002.2, C1003.2, C1004.2, C1005.2, C1006.2, C1102.2, C1103.2, C1106.1, C1107.1, C1108.1, C1109.1, C1201.2, C1202.1, C1203.2, C1204.2, C1206.2, C1207.1, C1208.2, C1209.1, C1210.2, C1211.1, C1212.2, C1301.2, C1302.2, C1303.2, C1304.2, C1401.2, C1402.2, C1403.2, C1404.2, C1501.2, C1502.2, C1503.2, C1504.2, C1601.2, C1602.2, C1603.2, C1604.2, C1701.2, C1702.2, C1703.2, C1704.2, C1801.2, C1802.2, C1803.2, C1804.2, C1805.2, C1807.2, C1901.2, C1902.2, C1903.2, C2001.2, C2002.2, C2003.2, C2102.2, C2103.2, C2202.2, C2203.2, C2301.2, C2401.2, C2402.2, C2403.2, C2404.2, C2405.2, C2501.2, C2502.2, C2503.2, C2601.2, C2602.2, C2603.2, C2701.2, C2702.2, C2801.2, C2802.2, C2901.2, C2902.2, C2903.2, C2904.2, C2905.2, C3001.2, C3002.2, C3003.2, C301.2, C302.1, C303.2, C304.2, C305.1, C3101.2, C3102.2, C3103.2, C3201.2, C3202.2, C3301.2, C3302.2, C3401.2, C3402.2, C3403.2, C3404.2, C3501.2, C3502.2, C3503.2, C3504.2, C3505.2, C3506.2, C3507.2, C3508.2, C3509.2, C3510.2, C3511.2, C3512.2, C3601.2, C3602.2, C3603.2, C3604.2, C3605.2, C3606.2, C3607.2, C3608.2, C3609.2, C3701.2, C3702.2, C3703.2, C3704.2, C3705.2, C3706.2, C3707.2, C3708.2, C3709.2, C3710.2, C3711.2, C3712.2, C3801.2, C3802.2, C3803.2, C3804.2, C3805.2, C3806.2, C3807.2, C3808.2, C3809.2, C3810.2, C3811.2, C3812.2, C3901.2, C3902.2, C4001.2, C4002.1, C4003.2, C401.2, C402.1, C403.1, C501.2, C503.2, C504.1, C505.1, C601.2, C603.2, C604.1, C605.1, C701.1, C702.1, C703.1, C705.1, C706.1, C707.1, C708.1, C709.1, C710.1, C711.1, C712.1, C713.1, C801.1, C802.1, C803.1, C805.1, C806.1, C807.1, C808.1, C809.1, C810.1, C811.1, C812.1, C813.1, C901.2, C903.2, C904.1, C905.1, D1001.2, D101.2, D102.1, D1101.1, D201.2, D202.1, D203.2, D204.1, D205.1, D2102.2, D2104.2, D2202.1, D2204.1, D2301.1, D301.2, D3301.1, D3401.1, D3402.1, D3403.1, D3501.1, D3502.1, D3503.1, D3504.1, D3601.1, D3602.1, D3603.1, D3701.1, D3702.1, D3703.1, D3704.1, D3801.1, D3802.1, D3803.1, D3804.1, D401.1, D501.2, D601.2, D701.1, D801.1, D901.2, J101.2, J2301.2, J2501.1, J2502.1, J2601.1, J2602.1, J2603.4, J3301.2, J3302.10, J3302.2, J3302.9, JP301.2, L1101.2, Q201.2, Q2101.2, Q2104.2, Q2106.2, Q2107.2, Q2204.2, Q2601.2, Q2602.2, R1001.1, R1003.2, R1006.2, R1106.1, R1108.2, R1201.2, R1204.2, R1206.2, R1208.2, R1301.2, R1304.2, R1306.2, R1401.2, R1404.2, R1406.2, R1501.2, R1504.2, R1506.2, R1601.2, R1604.2, R1606.2, R1701.2, R1704.2, R1706.2, R1801.2, R1802.2, R1901.2, R1904.2, R1906.2, R2001.2, R2004.2, R2006.2, R204.2, R2104.2, R2106.2, R2107.2, R2205.2, R2207.2, R2302.2, R2502.2, R2507.2, R2601.2, R2604.2, R2606.2, R2607.2, R2701.1, R2702.2, R2703.2, R2704.2, R2705.2, R2706.2, R2707.2, R2708.1, R2709.1, R2710.2, R2711.2, R2712.2, R2713.2, R2714.2, R2715.2, R2716.1, R2801.1, R2802.2, R2803.2, R2804.2, R2805.2, R2806.2, R2807.2, R2808.1, R2809.2, R2810.2, R2811.2, R2812.2, R2813.2, R2814.2, R2905.2, R2906.2, R2907.2, R2908.2, R301.1, R305.2, R308.2, R3202.2, R3303.2, R3306.2, R3404.2, R3503.2, R3506.2, R3507.2, R3510.2, R3511.2, R3514.2, R3515.2, R3602.2, R3603.2, R3606.2, R3607.2, R3610.2, R3611.2, R3702.2, R3703.2, R3706.2, R3707.2, R3710.2, R3711.2, R3714.2, R3715.2, R3802.2, R3804.2, R3805.2, R3806.2, R3810.2, R3812.2, R3813.2, R3814.2, R4001.2, R4002.2, R4003.2, R4004.2, R404.1, R502.1, R601.1, R603.1, R702.1, R704.1, R802.1, R804.1, R901.1, R903.1, U1001.2, U1101.2, U1201.10, U1201.12, U1201.3, U1201.4, U1201.5, U1201.8, U1201.9, U1301.15, U1301.16, U1301.17, U1301.6, U1301.8, U1401.15, U1401.16, U1401.17, U1401.6, U1401.8, U1501.15, U1501.16, U1501.17, U1501.6, U1501.8, U1601.15, U1601.16, U1601.17, U1601.6, U1601.8, U1701.15, U1701.16, U1701.17, U1701.6, U1701.8, U1801.11, U1801.4, U1801.8, U1901.11, U1901.4, U1901.6, U2001.11, U2001.4, U2001.6, U2203.4, U2401.9, U2501.4, U2501.9, U2502.4, U2502.9, U2601.7, U2602.7, U2603.7, U2701.7, U2702.7, U2801.7, U2802.12, U2802.13, U2802.7, U2901.12, U3001.7, U301.21, U301.9, U3017.7, U3018.10, U3018.12, U3018.13, U3018.7, U3018.9, U3101.7, U3102.7, U3103.10, U3103.12, U3103.13, U3103.7, U3103.9, U3201.11, U3201.12, U3201.7, U3201.9, U3301.1, U3301.10, U3301.13, U3301.4, U3301.7, U3401.5, U3501.2, U3502.4, U3502.5, U3503.4, U3503.5, U3504.4, U3504.5, U3601.4, U3601.5, U3602.4, U3602.5, U3603.4, U3603.5, U3701.4, U3701.5, U3702.4, U3702.5, U3703.4, U3703.5, U3704.4, U3704.5, U3801.4, U3801.5, U3802.4, U3802.5, U3803.4, U3803.5, U3804.4, U3804.5, U3901.12, U3902.12, U4001.4, U501.2, U601.2, U701.13, U701.14, U701.15, U701.17, U701.19, U701.24, U701.25, U701.26, U701.27, U701.28, U701.29, U701.30, U701.31, U801.13, U801.14, U801.15, U801.17, U801.19, U801.24, U801.25, U801.26, U801.27, U801.28, U801.29, U801.30, U801.31, U901.2","C4101.2, C4102.2, C4103.2, C4104.2, C4105.2, C4106.2, C4107.2, C4108.2, C4109.2, C4110.2, C4111.2, C4112.2, C4113.2, C4114.2, C4115.2, C4116.2, C4117.2, C4118.2, C4119.2, C4120.2, C4121.2, C4122.2, C4123.2, C4124.2, C4125.2, C4126.2, C4127.2, C4128.2, C4129.2, C4501.2, C4502.2, C4503.2, C4504.2, C4505.2, C4506.2, C4507.2, C4508.2, C4601.2, C4602.2, C4701.2, C4702.2, C4801.2, C4802.2, C4803.2, C4804.2, C5001.2, C5002.2, C5003.2, C5004.2, C5005.2, C5006.2, C5007.2, C5008.2, C5009.2, C5010.2, C5011.2, C5012.2, C5013.2, C5014.2, C5015.2, C5016.2, C5017.2, C5018.2, C5019.2, C5020.2, C5021.2, C5022.2, C5023.2, C5024.2, C5025.2, C5026.2, C5027.2, C5101.2, C5102.2, C5103.2, C5104.2, C5105.2, C5106.2, C5107.2, C5108.2, C5109.2, C5121.2, C5122.2, C5123.2, C5124.2, C5201.2, C5202.2, C5203.2, C5251.2, C5301.2, C5302.2, C5303.2, C5304.2, C5305.2, C5306.2, C5331.2, C5401.2, C5402.2, C5403.2, C5404.2, C5405.2, C5406.2, C5451.2, C5452.2, C5453.2, C5501.2, C5502.2, C5503.2, C5504.2, C5505.2, C5506.2, C5531.2, C5601.2, C5602.2, C5603.2, C5604.2, C5605.2, C5606.2, C5701.2, C5702.2, C5703.2, C5704.2, C5705.2, C5706.2, C5731.2, C5751.2, C5752.2, C5753.2, C5754.2, C5755.2, C5756.2, C5851.2, C5852.2, C5853.2, C5854.2, C5855.2, C5856.2, C5857.2, C5858.2, C5859.2, C5860.2, C5861.2, C5862.2, C5863.2, C5864.2, C5865.2, C5866.2, C5867.2, C5868.2, C5881.2, C5882.2, C5883.2, C5884.2, C6001.2, C6103.2, C6104.2, C6105.2, C6201.2, C6202.2, C6203.2, C6204.2, C6205.2, C6206.2, C6207.2, C6208.2, C6209.2, C6210.2, C6211.2, C6212.2, C6213.2, C6214.2, C6215.2, C6216.2, C6217.2, C6218.2, C6301.2, C6401.2, C6402.2, C6403.2, C6404.2, C6405.2, C6406.2, C6407.2, C6408.2, C6409.2, C6410.2, C6411.2, C6412.2, C6413.2, C6414.2, C6415.2, C6416.2, C6417.2, C6418.2, C6419.2, C6420.2, C6421.2, C6422.2, C6423.2, C6424.2, C6501.2, C6601.2, C6602.2, C6603.2, C6604.2, C6606.2, C7001.2, C7002.2, C7003.2, C7004.2, C7005.2, C7011.2, C7012.2, C7013.2, C7014.2, C7021.2, C7022.2, C7023.2, C7024.2, C7101.2, C7102.2, C7103.2, C7104.2, C7105.2, C7111.2, C7112.2, C7113.2, C7114.2, C7121.2, C7122.2, C7123.2, C7124.2, C7201.2, C7202.2, C7203.2, C7204.2, C7205.2, C7211.2, C7212.2, C7213.2, C7214.2, C7221.2, C7222.2, C7223.2, C7224.2, C7301.2, C7302.2, C7303.2, C7304.2, C7305.2, C7311.2, C7312.2, C7313.2, C7314.2, C7321.2, C7322.2, C7323.2, C7324.2, C7401.2, C7402.2, C7403.2, C7404.2, C7405.2, C7411.2, C7412.2, C7413.2, C7414.2, C7421.2, C7422.2, C7423.2, C7424.2, C7501.2, C7502.2, C7503.2, C7504.2, C7505.2, C7506.2, C7511.2, C7512.2, C7513.2, C7514.2, C8001.2, C8002.2, C8003.2, C8004.2, C8005.2, C8006.2, C8007.2, C8008.2, C8009.2, C8010.2, C8011.2, C8012.2, C8013.2, C8014.2, C8015.2, C8016.2, C8017.2, C8018.2, C8019.2, C8020.2, C8021.2, C8022.2, C8023.2, C8024.2, C8025.2, C8026.2, C8027.2, C8028.2, C8029.2, C8030.2, C8031.2, C8032.2, C8033.2, C8034.2, C8035.2, C8036.2, C8037.2, C8038.2, C8039.2, C8040.2, C8041.2, C8042.2, C8043.2, C8044.2, C8045.2, C8046.2, C8047.2, C8048.2, C8049.2, C8050.2, C8051.2, C8052.2, C8053.2, C8054.2, C8055.2, C8056.2, C8057.2, C8058.2, C8059.2, C8060.2, C8061.2, C8062.2, C8063.2, C8064.2, C8065.2, C8066.2, C8067.2, C8068.2, C8069.2, C8070.2, C8071.2, C8072.2, C8073.2, C8074.2, C8075.2, C8076.2, C8077.2, C8078.2, C8079.2, C8080.2, C8081.2, C8082.2, C8083.2, C8084.2, C8085.2, C8086.2, C8087.2, C8088.2, C8089.2, C8090.2, C8091.2, C8092.2, C8093.2, C8094.2, C8095.2, C8096.2, C8097.2, C8099.2, C8100.2, C8109.2, C8110.2, C8111.2, C8112.2, C8113.2, C8114.2, C8115.2, C8116.2, C8117.2, C8118.2, C8120.2, C8121.2, C8122.2, C8123.2, C8124.2, C8125.2, C8126.2, C8127.2, C8128.2, C8129.2, C8131.2, C8137.2, C8138.2, C8139.2, C8140.2, C8997.2, C8998.2, C8999.2, D6001.2, J4701.10, J4701.11, J4701.6, J4801.3, J4801.5, J4801.9, J5201.2, J6001.A1, J6001.A12, J6001.B1, J6001.B12, J6601.10, J6601.12, J8002.1, J8003.1, Q8002.2, Q8007.2, Q8008.2, Q8999.2, R4302.2, R4303.2, R4525.2, R4802.2, R4805.2, R5252.2, R5254.2, R5451.2, R5452.2, R5453.2, R5454.2, R5455.2, R5457.2, R5801.2, R5802.2, R6202.2, R6203.2, R6303.2, R6304.2, R6401.2, R6504.2, R6506.2, R6605.2, R7413.2, R7416.2, R7419.2, R8002.2, R8003.2, R8004.2, R8006.2, R8007.2, R8008.2, R8010.2, R8011.2, R8012.2, R8014.2, R8015.2, R8016.2, R8017.2, R8018.2, R8019.2, R8020.2, R8021.2, R8022.2, R8023.2, R8024.2, R8025.2, R8026.2, R8027.2, R8028.2, R8029.2, R8030.2, R8031.2, R8032.2, R8033.2, R8034.2, R8035.2, R8036.2, R8037.2, R8038.2, R8039.2, R8040.2, R8041.2, R8042.2, R8043.2, R8044.2, R8045.2, R8046.2, R8047.2, R8048.2, R8049.2, R8050.2, R8051.2, R8052.2, R8053.2, R8054.2, R8055.2, R8056.2, R8057.2, R8058.2, R8059.2, R8060.2, R8061.2, R8062.2, R8063.2, R8064.2, R8065.2, R8066.2, R8067.2, R8068.2, R8069.2, R8070.2, R8071.2, R8072.2, R8073.2, R8074.2, R8075.2, R8076.2, R8077.2, R8078.2, R8079.2, R8080.2, R8081.2, R8082.2, R8083.2, R8084.2, R8085.2, R8086.2, R8087.2, R8088.2, R8089.2, R8090.2, R8091.2, R8092.2, R8093.2, R8094.2, R8095.2, R8096.2, R8097.2, R8098.2, R8099.2, R8100.2, R8101.2, R8102.2, R8103.2, R8104.2, R8105.2, R8106.2, R8107.2, R8108.2, R8109.2, R8110.2, R8111.2, R8112.2, R8113.2, R8114.2, R8115.2, R8116.2, R8117.2, R8118.2, R8119.2, R8120.2, R8121.2, R8122.2, R8123.2, R8124.2, R8125.2, R8126.2, R8127.2, R8128.2, R8129.2, R8130.2, R8131.2, R8132.2, R8133.2, R8134.2, R8135.2, R8136.2, R8137.2, R8138.2, R8139.2, R8140.2, R8141.2, R8142.2, R8143.2, R8144.2, R8145.2, R8146.2, R8147.2, R8148.2, R8149.2, R8150.2, R8161.2, R8163.2, R8168.2, R8170.2, R8172.2, R8179.2, R8181.2, R8182.2, R8186.2, R8187.2, R8188.2, R8960.2, R8961.2, R8962.2, R8963.2, R8964.2, R8965.2, R8966.2, R8967.2, R8980.2, R8981.2, R8982.2, R8983.2, R8984.2, R8999.2, SW4801.2, SW5201.2, U4101.100, U4101.106, U4101.112, U4101.119, U4101.12, U4101.134, U4101.137, U4101.14, U4101.151, U4101.159, U4101.16, U4101.17, U4101.173, U4101.24, U4101.38, U4101.45, U4101.47, U4101.6, U4101.64, U4101.70, U4101.81, U4101.83, U4101.93, U4501.12, U4501.28, U4501.41, U4501.46, U4501.52, U4501.54, U4501.6, U4601.4, U4601.9, U4701.2, U4702.2, U4703.2, U5001.A10, U5001.A11, U5001.A12, U5001.A2, U5001.A22, U5001.A3, U5001.A5, U5001.A7, U5001.A8, U5001.A9, U5001.AA12, U5001.AA2, U5001.AA22, U5001.AB19, U5001.AB9, U5001.B10, U5001.B11, U5001.B12, U5001.B19, U5001.B3, U5001.B5, U5001.B7, U5001.B8, U5001.B9, U5001.C10, U5001.C11, U5001.C12, U5001.C16, U5001.C3, U5001.C4, U5001.C6, U5001.C8, U5001.C9, U5001.D10, U5001.D11, U5001.D12, U5001.D13, U5001.D3, U5001.D4, U5001.D6, U5001.D8, U5001.D9, U5001.E11, U5001.E12, U5001.E20, U5001.E4, U5001.E5, U5001.E7, U5001.E8, U5001.E9, U5001.F11, U5001.F17, U5001.F5, U5001.F7, U5001.F8, U5001.F9, U5001.G10, U5001.G12, U5001.G14, U5001.G5, U5001.G6, U5001.G7, U5001.G8, U5001.G9, U5001.H1, U5001.H11, U5001.H21, U5001.H7, U5001.H9, U5001.J10, U5001.J12, U5001.J18, U5001.J8, U5001.K11, U5001.K15, U5001.K5, U5001.K7, U5001.K9, U5001.L10, U5001.L2, U5001.L22, U5001.L8, U5001.L9, U5001.M10, U5001.M11, U5001.M19, U5001.M7, U5001.M9, U5001.N16, U5001.N6, U5001.N8, U5001.P11, U5001.P13, U5001.P3, U5001.P7, U5001.P9, U5001.R10, U5001.R12, U5001.R20, U5001.R8, U5001.T11, U5001.T17, U5001.T7, U5001.T9, U5001.U10, U5001.U14, U5001.U4, U5001.U9, U5001.V1, U5001.V11, U5001.V21, U5001.W18, U5001.W8, U5001.Y15, U5001.Y5, U5201.4, U5451.1, U5451.10, U5451.13, U5451.4, U5451.7, U5452.1, U5452.10, U5452.12, U5452.13, U5452.4, U5452.7, U5452.9, U5453.3, U5801.A9, U5801.B1, U5801.B3, U5801.B9, U5801.D1, U5801.D8, U5801.E1, U5801.E2, U5801.E8, U5801.F9, U5801.G1, U5801.G8, U5801.G9, U5801.J2, U5801.J8, U5801.L2, U5801.M1, U5801.M9, U5801.P1, U5801.P9, U5801.T1, U5801.T9, U6002.3, U6003.3, U6004.3, U6005.3, U6006.3, U6007.3, U6101.12, U6101.13, U6101.28, U6101.29, U6101.3, U6101.31, U6101.4, U6201.1, U6201.26, U6201.29, U6201.36, U6201.77, U6401.20, U6401.49, U6402.2, U6601.3, U6602.3, U6603.3, U6604.3, U7001.13, U7001.14, U7101.13, U7101.14, U7201.13, U7201.14, U7301.13, U7301.14, U7401.13, U7401.14, U7501.16, U7501.5, U8001.3, U8002.4, U8003.3, U8004.3, U8005.3, U8006.3, U8007.3, U8008.3, U8009.3, U8010.3, U8011.3, U8012.3, U8013.3, U8014.3, U8015.3, U8016.3, U8017.3, U8018.3, U8019.3, U8020.3, U8021.3, U8022.3, U8023.8, U8024.8, U8025.8, U8026.8, U8027.8, U8028.8, U8029.8, U8030.8, U8031.8, U8032.8, U8033.5, U8034.5, U8035.11, U8035.14, U8035.3, U8035.5, U8035.6, U8036.11, U8036.14, U8036.3, U8036.5, U8036.6, U8037.5, U8038.5, U8039.11, U8039.14, U8039.3, U8039.5, U8039.6, U8040.11, U8040.14, U8040.3, U8040.5, U8040.6, U8041.5, U8042.5, U8043.11, U8043.14, U8043.3, U8043.5, U8043.6, U8044.11, U8044.14, U8044.3, U8044.5, U8044.6, U8045.5, U8046.5, U8047.11, U8047.14, U8047.3, U8047.5, U8047.6, U8048.11, U8048.14, U8048.3, U8048.5, U8048.6, U8049.14, U8050.14, U8051.14, U8052.14, U8053.10, U8053.11, U8053.12, U8053.14, U8053.15, U8053.9, U8054.14, U8054.17, U8054.4, U8054.6, U8054.7, U8055.14, U8055.17, U8055.4, U8055.6, U8055.7, U8056.11, U8056.14, U8056.3, U8056.5, U8056.6, U8057.11, U8057.14, U8057.3, U8057.5, U8057.6, U8058.3, U8059.14, U8060.10, U8060.11, U8060.12, U8060.14, U8060.15, U8060.9, U8061.11, U8061.12, U8061.14, U8061.17, U8061.19, U8061.20, U8061.6, U8062.5, U8062.6, U8062.8, U8063.3, U8064.14, U8065.10, U8065.11, U8065.14, U8065.9, U8066.4, U8067.4, U8068.4, U8069.4, U8070.5, U8071.2, U8072.10, U8072.11, U8072.12, U8072.14, U8072.15, U8072.7, U8072.9, U8073.4, U8074.3, U8080.2, U8081.3, U8082.3, U8083.1, U8083.2, U8083.4, U8998.3, U8999.10, U8999.11, U8999.12, U8999.14, U8999.15, U8999.9, Y4801.2, Y5251.3, Y6201.2, Y6201.4, Y6401.2, Y6401.4","Common power return, logic reference and analog signal reference"
HOST_RESET_N,signal,input_open_drain,0/3.3 V,"R2509.1, U2502.8, U2602.10","C4804.1, J4801.10, R4806.2, SW4801.1, U4101.33",Active-low host watchdog reset; MCU-local SYS3V3 pull-up and reset button share this node
HOST_UART_TX,signal,output,3.3 V,"J3302.4, R3305.1",U4101.43,Main MCU UART TX to power-manager RX through existing power-sheet series path
HOST_WDI,signal,output,3.3 V,"J3302.5, R2507.1, U2502.6",U4101.166,Main MCU heartbeat to the host power watchdog
IO3V3,rail,input,3.3,"R1505.2, R1506.1, R3713.2, U3704.7","C5201.1, C5251.1, C5301.1, C5302.1, C5303.1, C5304.1, C5305.1, C5306.1, C5331.1, C5401.1, C5402.1, C5403.1, C5404.1, C5405.1, C5406.1, C5451.1, C5453.1, C5501.1, C5502.1, C5503.1, C5504.1, C5505.1, C5506.1, C5531.1, C5601.1, C5602.1, C5603.1, C5604.1, C5605.1, C5606.1, C6104.1, C6105.1, C6203.1, C6208.1, C6209.1, C6210.1, C6211.1, C6212.1, C6213.1, C6214.1, C6403.1, C6406.1, C6419.1, C6420.1, C6421.1, C6422.1, C6423.1, C6424.1, C7003.1, C7004.1, C7103.1, C7104.1, C7203.1, C7204.1, C7303.1, C7304.1, C7403.1, C7404.1, C7505.1, C8001.1, C8002.1, C8003.1, C8004.1, C8005.1, C8006.1, C8007.1, C8008.1, C8009.1, C8010.1, C8011.1, C8012.1, C8013.1, C8014.1, C8015.1, C8016.1, C8017.1, C8018.1, C8019.1, C8020.1, C8021.1, C8022.1, C8023.1, C8024.1, C8025.1, C8026.1, C8027.1, C8028.1, C8029.1, C8030.1, C8031.1, C8032.1, C8087.1, C8123.1, C8131.1, C8137.1, C8138.1, C8139.1, C8140.1, C8997.1, FB6201.1, J5201.1, R5201.2, R5202.2, R5203.2, R5204.2, R5205.2, R5206.2, R5301.2, R5501.2, R5502.2, R5503.2, R5504.2, R5505.2, R5506.2, R5507.2, R5508.2, R6102.1, R6302.1, R6305.1, R6306.1, R6307.1, R6308.1, R6501.1, R6502.1, R6503.1, R6505.1, R6508.1, R7001.1, R7002.1, R7003.1, R7101.1, R7102.1, R7103.1, R7201.1, R7202.1, R7203.1, R7301.1, R7302.1, R7303.1, R7401.1, R7402.1, R7403.1, R7502.1, R7503.1, R7504.1, R8001.2, R8005.2, R8009.2, R8013.2, R8167.2, R8183.2, U5001.AA17, U5001.AA7, U5001.AB14, U5001.AB4, U5001.C1, U5001.F12, U5001.F2, U5001.H6, U5001.J3, U5001.M14, U5001.M4, U5001.N1, U5001.P18, U5001.R15, U5001.R5, U5001.T12, U5001.T2, U5001.T22, U5001.U11, U5001.U19, U5001.U8, U5001.V16, U5001.V6, U5001.W13, U5001.W3, U5001.Y10, U5001.Y20, U5201.8, U5451.14, U5453.5, U6101.8, U6201.14, U6201.20, U6201.24, U6201.38, U6201.49, U6201.59, U6201.68, U6401.19, U6401.22, U6401.23, U6401.30, U6401.41, U6402.1, U6402.3, U7001.4, U7001.8, U7101.4, U7101.8, U7201.4, U7201.8, U7301.4, U7301.8, U7401.4, U7401.8, U7501.15, U8001.5, U8002.2, U8002.7, U8002.8, U8003.5, U8004.5, U8005.5, U8006.5, U8007.5, U8008.5, U8009.5, U8010.5, U8011.5, U8012.5, U8013.5, U8014.5, U8015.5, U8016.5, U8017.5, U8018.5, U8019.5, U8020.5, U8021.5, U8022.5, U8023.16, U8024.16, U8025.16, U8026.16, U8027.16, U8028.16, U8029.16, U8030.16, U8031.16, U8032.16, U8058.5, U8064.2, U8065.2, U8070.10, U8072.2, U8074.5, U8080.5, U8081.5, U8082.5, U8083.8, U8998.5, Y5251.1, Y5251.6","FPGA 3.3 V banks, communications, DAC logic and matrix control logic supply"
MATRIX_INHIBIT_N,signal,output_open_drain,0/3.3 V,"J2602.2, Q2602.3, R2605.1, U2602.12",Q8999.3,Matrix fault transistor pulls the original AON-pulled interlock node low to latch matrix permit off
MATRIX_PERMIT,signal,input,3.3 V,"J2603.1, Q2101.1, Q2104.1, Q2106.1, R2106.1, U2401.48, U2603.9, U3301.5",U8001.1,Raw hardware permit from the power interlock; received by matrix gating buffer
MATRIX_PERMIT_HOST,signal,input,3.3 V,"J3302.6, U3301.6",U4101.129,Buffered matrix-permit status for main MCU firmware
N15,rail,input,-15.0,"Q2201.3, R1107.2, R1108.1, R3401.1, R3402.1","C7013.1, C7014.1, C7023.1, C7024.1, C7113.1, C7114.1, C7123.1, C7124.1, C7213.1, C7214.1, C7223.1, C7224.1, C7313.1, C7314.1, C7323.1, C7324.1, C7413.1, C7414.1, C7423.1, C7424.1, C8034.1, C8036.1, C8038.1, C8040.1, C8042.1, C8044.1, C8046.1, C8048.1, C8050.1, C8052.1, C8054.1, C8056.1, C8058.1, C8060.1, C8062.1, C8064.1, C8066.1, C8069.1, C8072.1, C8075.1, C8078.1, C8080.1, C8082.1, C8084.1, C8086.1, C8089.1, C8091.1, C8093.1, C8095.1, C8097.1, C8100.1, C8110.1, C8112.1, C8127.1, C8999.1, U7011.11, U7021.11, U7111.11, U7121.11, U7211.11, U7221.11, U7311.11, U7321.11, U7411.11, U7421.11, U8033.4, U8034.4, U8035.4, U8036.4, U8037.4, U8038.4, U8039.4, U8040.4, U8041.4, U8042.4, U8043.4, U8044.4, U8045.4, U8046.4, U8047.4, U8048.4, U8049.3, U8050.3, U8051.3, U8052.3, U8053.3, U8054.5, U8055.5, U8056.4, U8057.4, U8059.3, U8060.3, U8061.5, U8062.4, U8063.1, U8063.4, U8063.5, U8064.3, U8065.3, U8072.3, U8999.3","Negative matrix switch, precision buffer and measurement supply"
P15,rail,input,15.0,"Q2102.3, R1004.2, R1005.2, R1006.1, R3609.2, U3603.7","C7011.1, C7012.1, C7021.1, C7022.1, C7111.1, C7112.1, C7121.1, C7122.1, C7211.1, C7212.1, C7221.1, C7222.1, C7311.1, C7312.1, C7321.1, C7322.1, C7411.1, C7412.1, C7421.1, C7422.1, C8033.1, C8035.1, C8037.1, C8039.1, C8041.1, C8043.1, C8045.1, C8047.1, C8049.1, C8051.1, C8053.1, C8055.1, C8057.1, C8059.1, C8061.1, C8063.1, C8065.1, C8067.1, C8068.1, C8070.1, C8071.1, C8073.1, C8074.1, C8076.1, C8077.1, C8079.1, C8081.1, C8083.1, C8085.1, C8088.1, C8090.1, C8092.1, C8094.1, C8096.1, C8099.1, C8109.1, C8111.1, C8113.1, C8126.1, C8998.1, U7011.4, U7021.4, U7111.4, U7121.4, U7211.4, U7221.4, U7311.4, U7321.4, U7411.4, U7421.4, U8033.13, U8034.13, U8035.13, U8036.13, U8037.13, U8038.13, U8039.13, U8040.13, U8041.13, U8042.13, U8043.13, U8044.13, U8045.13, U8046.13, U8047.13, U8048.13, U8049.13, U8050.13, U8051.13, U8052.13, U8053.13, U8054.16, U8055.16, U8056.13, U8057.13, U8059.13, U8060.13, U8061.16, U8062.13, U8063.7, U8064.13, U8065.13, U8066.2, U8072.13, U8999.13","Positive matrix switch, precision buffer and measurement supply"
PHY1V05,rail,input,1.05,"R1705.2, R1706.1, R3809.2, U3803.7","C6405.1, C6411.1, C6412.1, C6413.1, C6414.1, C6415.1, C6416.1, C6417.1, C6418.1, U6401.24, U6401.31, U6401.42, U6401.6",Ethernet PHY core supply
PM_UART_TX_HOST,signal,input,3.3 V,"J3302.3, U3301.3",U4101.46,Power-manager UART TX after SYS3V3-powered host buffer; main MCU RX
PROG_N15,rail,input,-15.0,"C2201.2, C2202.1, D2202.2, J2301.3, Q2202.3, R2205.1, R2209.1, R2210.1, R2211.1","C7503.1, C7504.1, C7513.1, C7514.1, U7501.6, U7502.2",Permit-qualified negative forming-DAC and forming-buffer supply
PROG_P15,rail,input,15.0,"C2101.2, C2102.1, D2102.1, J2301.1, Q2103.3, R2104.1, R2108.1, R2109.1, R2110.1, R2301.1","C7501.1, C7502.1, C7511.1, C7512.1, U7501.8, U7502.5",Permit-qualified positive forming-DAC and forming-buffer supply
SYS3V3,rail,input,3.3,"C2503.1, C3302.1, J3302.1, R2506.2, R3513.2, R705.2, R706.1, U2502.1, U2502.5, U3301.14, U3504.7","C4101.1, C4102.1, C4103.1, C4104.1, C4105.1, C4106.1, C4107.1, C4108.1, C4109.1, C4110.1, C4111.1, C4112.1, C4113.1, C4114.1, C4115.1, C4116.1, C4117.1, C4118.1, C4119.1, C4126.1, C4127.1, C4128.1, C4129.1, C4501.1, C4502.1, C4503.1, C4504.1, C4505.1, C4506.1, C4507.1, C4508.1, C4601.1, C4602.1, C4701.1, C4702.1, C4801.1, C5452.1, J4701.4, J4801.1, J4802.2, R4101.1, R4301.1, R4304.1, R4524.1, R4607.1, R4608.1, R4609.1, R4707.1, R4708.1, R4709.1, R4710.1, R4711.1, R4712.1, R4806.1, R5456.2, U4101.105, U4101.113, U4101.120, U4101.121, U4101.126, U4101.13, U4101.135, U4101.136, U4101.152, U4101.160, U4101.174, U4101.175, U4101.176, U4101.25, U4101.44, U4101.48, U4101.65, U4101.7, U4101.71, U4101.8, U4101.82, U4101.84, U4101.92, U4101.99, U4501.1, U4501.14, U4501.27, U4501.3, U4501.43, U4501.49, U4501.9, U4601.8, U4701.5, U4702.5, U4703.5, U5452.14, Y4801.1, Y4801.4","Main STM32, SDRAM, QSPI, microSD and MCU-side logic supply"
USB5,rail,input,5.0,"R3509.2, R604.2, R605.1, U3503.7","C6103.1, U6101.30",Self-powered USB-C orientation/CC controller 5 V supply
VTT,rail,input,0.675,"C1805.1, C1806.1, C1807.1, R3304.1, U1801.3, U1801.5","R5851.2, R5852.2, R5853.2, R5854.2, R5855.2, R5856.2, R5857.2, R5858.2, R5859.2, R5860.2, R5861.2, R5862.2, R5863.2, R5864.2, R5865.2, R5866.2, R5867.2, R5868.2, R5869.2, R5870.2, R5871.2, R5872.2, R5873.2","DDR3L termination rail, nominal DDR1V35/2; source/sink capability required"
