Symbol,Value,MPN,Manufacturer,Footprint,Datasheet,Description
C_12p_50V_C0G_0201,12p,C0603C0G1H120J030BA,TDK,MIRA_RevA:C_0201_0603Metric,https://product.tdk.com/en/search/capacitor/ceramic/mlcc/info?part_no=C0603C0G1H120J030BA,"12 pF, 50 V, C0G, +/-5%, 0201 (0603 metric), crystal load capacitor"
C_22p_50V_C0G_0201,22p,C0603C0G1H220J030BA,TDK,MIRA_RevA:C_0201_0603Metric,https://product.tdk.com/en/search/capacitor/ceramic/mlcc/info?part_no=C0603C0G1H220J030BA,"22 pF, 50 V, C0G, +/-5%, 0201 (0603 metric), crystal load capacitor"
C_100n_16V_X7S_0201,100n,C0603X7S1C104K030BB,TDK,MIRA_RevA:C_0201_0603Metric,https://product.tdk.com/en/search/capacitor/ceramic/mlcc/info?part_no=C0603X7S1C104K030BB,"100 nF, 16 V, X7S, +/-10%, 0201 (0603 metric), local bypass / AC coupling; temperature coefficient +/-22%"
R_100k_1pct_0201,100k,RC0201FR-07100KL,Yageo,MIRA_RevA:R_0201_0603Metric,https://yageogroup.com/component-documentation/download/specsheet/RC0201FR-07100KL,"100k ohm, +/-1%, 50 mW at 70 C, 25 V max working, +/-200 ppm/C, 0201 (0603 metric)"
R_100_1pct_0201,100,RC0201FR-07100RL,Yageo,MIRA_RevA:R_0201_0603Metric,https://yageogroup.com/component-documentation/download/specsheet/RC0201FR-07100RL,"100 ohm, +/-1%, 50 mW at 70 C, 25 V max working, +/-200 ppm/C, 0201 (0603 metric)"
R_10k_1pct_0201,10k,RC0201FR-0710KL,Yageo,MIRA_RevA:R_0201_0603Metric,https://yageogroup.com/component-documentation/download/specsheet/RC0201FR-0710KL,"10k ohm, +/-1%, 50 mW at 70 C, 25 V max working, +/-200 ppm/C, 0201 (0603 metric)"
R_1k_1pct_0201,1k,RC0201FR-071KL,Yageo,MIRA_RevA:R_0201_0603Metric,https://yageogroup.com/component-documentation/download/specsheet/RC0201FR-071KL,"1k ohm, +/-1%, 50 mW at 70 C, 25 V max working, +/-200 ppm/C, 0201 (0603 metric)"
R_1M_1pct_0201,1M,RC0201FR-071ML,Yageo,MIRA_RevA:R_0201_0603Metric,https://yageogroup.com/component-documentation/download/specsheet/RC0201FR-071ML,"1M ohm, +/-1%, 50 mW at 70 C, 25 V max working, +/-200 ppm/C, 0201 (0603 metric)"
R_200k_1pct_0201,200k,RC0201FR-07200KL,Yageo,MIRA_RevA:R_0201_0603Metric,https://yageogroup.com/component-documentation/download/specsheet/RC0201FR-07200KL,"200k ohm, +/-1%, 50 mW at 70 C, 25 V max working, +/-200 ppm/C, 0201 (0603 metric)"
R_20k_1pct_0201,20k,RC0201FR-0720KL,Yageo,MIRA_RevA:R_0201_0603Metric,https://yageogroup.com/component-documentation/download/specsheet/RC0201FR-0720KL,"20k ohm, +/-1%, 50 mW at 70 C, 25 V max working, +/-200 ppm/C, 0201 (0603 metric)"
R_22_1pct_0201,22,RC0201FR-0722RL,Yageo,MIRA_RevA:R_0201_0603Metric,https://yageogroup.com/component-documentation/download/specsheet/RC0201FR-0722RL,"22 ohm, +/-1%, 50 mW at 70 C, 25 V max working, +/-200 ppm/C, 0201 (0603 metric)"
R_2p2k_1pct_0201,2.2k,RC0201FR-072K2L,Yageo,MIRA_RevA:R_0201_0603Metric,https://yageogroup.com/component-documentation/download/specsheet/RC0201FR-072K2L,"2.2k ohm, +/-1%, 50 mW at 70 C, 25 V max working, +/-200 ppm/C, 0201 (0603 metric)"
R_33_1pct_0201,33,RC0201FR-0733RL,Yageo,MIRA_RevA:R_0201_0603Metric,https://yageogroup.com/component-documentation/download/specsheet/RC0201FR-0733RL,"33 ohm, +/-1%, 50 mW at 70 C, 25 V max working, +/-200 ppm/C, 0201 (0603 metric)"
R_47k_1pct_0201,47k,RC0201FR-0747KL,Yageo,MIRA_RevA:R_0201_0603Metric,https://yageogroup.com/component-documentation/download/specsheet/RC0201FR-0747KL,"47k ohm, +/-1%, 50 mW at 70 C, 25 V max working, +/-200 ppm/C, 0201 (0603 metric)"
R_49p9_1pct_0201,49.9,RC0201FR-0749R9L,Yageo,MIRA_RevA:R_0201_0603Metric,https://yageogroup.com/component-documentation/download/specsheet/RC0201FR-0749R9L,"49.9 ohm, +/-1%, 50 mW at 70 C, 25 V max working, +/-200 ppm/C, 0201 (0603 metric)"
R_4p7k_1pct_0201,4.7k,RC0201FR-074K7L,Yageo,MIRA_RevA:R_0201_0603Metric,https://yageogroup.com/component-documentation/download/specsheet/RC0201FR-074K7L,"4.7k ohm, +/-1%, 50 mW at 70 C, 25 V max working, +/-200 ppm/C, 0201 (0603 metric)"
